"Data Source","World Development Indicators",

"Last Updated Date","2019-10-28",

"Country Name","Country Code","Indicator Name","Indicator Code","1960","1961","1962","1963","1964","1965","1966","1967","1968","1969","1970","1971","1972","1973","1974","1975","1976","1977","1978","1979","1980","1981","1982","1983","1984","1985","1986","1987","1988","1989","1990","1991","1992","1993","1994","1995","1996","1997","1998","1999","2000","2001","2002","2003","2004","2005","2006","2007","2008","2009","2010","2011","2012","2013","2014","2015","2016","2017","2018","2019",
"Aruba","ABW","Railways, goods transported (million ton-km)","IS.RRS.GOOD.MT.K6","","","","","","","","","","","","","","","","","","","","","","","","","","","","","","","","","","","","","","","","","","","","","","","","","","","","","","","","","","","","",
"Afghanistan","AFG","Railways, goods transported (million ton-km)","IS.RRS.GOOD.MT.K6","","","","","","","","","","","","","","","","","","","","","","","","","","","","","","","","","","","","","","","","","","","","","","","","","","","","","","","","","","","","",
"Angola","AGO","Railways, goods transported (million ton-km)","IS.RRS.GOOD.MT.K6","","","","","","","","","","","","","","","","","","","","","","","","","","","","","","","","","","","","","","","","","","","","","","","","","","","","","","","","","","","","",
"Albania","ALB","Railways, goods transported (million ton-km)","IS.RRS.GOOD.MT.K6","","","","","","","","","","","","","","","","","","","","","","","","","","","","","","","","","","","","","42","23","19","27","28","19","21","31","32","26","36","53","52","46","","","","","","","","","","",
"Andorra","AND","Railways, goods transported (million ton-km)","IS.RRS.GOOD.MT.K6","","","","","","","","","","","","","","","","","","","","","","","","","","","","","","","","","","","","","","","","","","","","","","","","","","","","","","","","","","","","",
"Arab World","ARB","Railways, goods transported (million ton-km)","IS.RRS.GOOD.MT.K6","","","","","","","","","","","","","","","","","","","","","","","","","","","","","","","","","","","","","1616","1654","","1635","1568","1491","2030.4445","","1906.7","1471","","","","","1722.304","","","","","","","","","",
"United Arab Emirates","ARE","Railways, goods transported (million ton-km)","IS.RRS.GOOD.MT.K6","","","","","","","","","","","","","","","","","","","","","","","","","","","","","","","","","","","","","","","","","","","","","","","","","","","","","","","","","","","","",
"Argentina","ARG","Railways, goods transported (million ton-km)","IS.RRS.GOOD.MT.K6","","","","","","","","","","","","","","","","","","","","","","","","","","","","","","","","","","","","","2728","3390","3947","3953","4051","4193","4891","5164","1711","1814","","","","","","","","","","","","","","",
"Armenia","ARM","Railways, goods transported (million ton-km)","IS.RRS.GOOD.MT.K6","","","","","","","","","","","","","","","","","","","","","","","","","","","","","","","","","","","","","200","381","419","323","354","344","452","529","678","654.136","354","","326.4","","345.9","","","","","","658","689.46","","",
"American Samoa","ASM","Railways, goods transported (million ton-km)","IS.RRS.GOOD.MT.K6","","","","","","","","","","","","","","","","","","","","","","","","","","","","","","","","","","","","","","","","","","","","","","","","","","","","","","","","","","","","",
"Antigua and Barbuda","ATG","Railways, goods transported (million ton-km)","IS.RRS.GOOD.MT.K6","","","","","","","","","","","","","","","","","","","","","","","","","","","","","","","","","","","","","","","","","","","","","","","","","","","","","","","","","","","","",
"Australia","AUS","Railways, goods transported (million ton-km)","IS.RRS.GOOD.MT.K6","","","","","","","","","","","","","","","","","","","","","","","","","","","","","","","","","","","","","26368","28408","30119","31182","33592","38049","40628","41314","42300","46164","46486.4401216511","60126.1833922525","61088.5799351659","62083.4452958684","64171.6558809923","59649.1846197319","","","","","","","","",
"Austria","AUT","Railways, goods transported (million ton-km)","IS.RRS.GOOD.MT.K6","","","","","","","","","","","","","","","","","","","","","","","","","","","","","","","","","","","","","12995","13787","14362","14743","16284","16568","16779","16978","17897","17047.9","18623","18848.6","18714.3","15553","16760","16898.7","15754","15134","16677.75","16052.04","","","","",
"Azerbaijan","AZE","Railways, goods transported (million ton-km)","IS.RRS.GOOD.MT.K6","","","","","","","","","","","","","","","","","","","","","","","","","","","","","","","","","","","","","2778","3515","4702","5205","5770","6142","6980","7719","7551","","11059","10374","10021.4","7592","8249.9","7845.5","8212.2","7958.3","7370.9","6210.5","5192","4633","","",
"Burundi","BDI","Railways, goods transported (million ton-km)","IS.RRS.GOOD.MT.K6","","","","","","","","","","","","","","","","","","","","","","","","","","","","","","","","","","","","","","","","","","","","","","","","","","","","","","","","","","","","",
"Belgium","BEL","Railways, goods transported (million ton-km)","IS.RRS.GOOD.MT.K6","","","","","","","","","","","","","","","","","","","","","","","","","","","","","","","","","","","","","7244","7465","7600","7392","7674","7080","7297","7293","7691","8130","8572","8148","7882","5439","","","","3000","2888","","","","","",
"Benin","BEN","Railways, goods transported (million ton-km)","IS.RRS.GOOD.MT.K6","","","","","","","","","","","","","","","","","","","","","","","","","","","","","","","","","","","","","178","218","219","155","89","94","89","86","45","24","36","","","","","","","","","","","","","",
"Burkina Faso","BFA","Railways, goods transported (million ton-km)","IS.RRS.GOOD.MT.K6","","","","","","","","","","","","","","","","","","","","","","","","","","","","","","","","","","","","","","","","","","","","","","0.675","0.737","0.84","","","","","","","","","","","","",
"Bangladesh","BGD","Railways, goods transported (million ton-km)","IS.RRS.GOOD.MT.K6","","","","","","","","","","","","","","","","","","","","","","","","","","","","","","","","","","","","","782","804","896","896","777","908","952","952","896","817","","776","870","800","710","","","","","","","","","",
"Bulgaria","BGR","Railways, goods transported (million ton-km)","IS.RRS.GOOD.MT.K6","","","","","","","","","","","","","","","","","","","","","","","","","","","","","","","","","","","","","7517","7353","6070","5176","5537","4904","4627","5274","5212","5168.83","5396.51797","5240.988482","4665","3151.747","2982.1","3291.3","2727.3","2590.7","2572.3","2633","2364.37","2859.82","","",
"Bahrain","BHR","Railways, goods transported (million ton-km)","IS.RRS.GOOD.MT.K6","","","","","","","","","","","","","","","","","","","","","","","","","","","","","","","","","","","","","","","","","","","","","","","","","","","","","","","","","","","","",
"Bahamas, The","BHS","Railways, goods transported (million ton-km)","IS.RRS.GOOD.MT.K6","","","","","","","","","","","","","","","","","","","","","","","","","","","","","","","","","","","","","","","","","","","","","","","","","","","","","","","","","","","","",
"Bosnia and Herzegovina","BIH","Railways, goods transported (million ton-km)","IS.RRS.GOOD.MT.K6","","","","","","","","","","","","","","","","","","","","","","","","","","","","","","","","","","","","","21","50","87","157","214","264","293","312","612","1176","1089","1084","1237","989","1227","1294","1186","1238.298","1310.221","1282.017","1139.218749","1114.326546","","",
"Belarus","BLR","Railways, goods transported (million ton-km)","IS.RRS.GOOD.MT.K6","","","","","","","","","","","","","","","","","","","","","","","","","","","","","","","","","","","","","26018","30636","30370","30529","31425","29727","34169","38402","40331","43559","45723","47933","48994","42742","46224","49414","48475","43818","44997","40785","41107","48538","","",
"Belize","BLZ","Railways, goods transported (million ton-km)","IS.RRS.GOOD.MT.K6","","","","","","","","","","","","","","","","","","","","","","","","","","","","","","","","","","","","","","","","","","","","","","","","","","","","","","","","","","","","",
"Bermuda","BMU","Railways, goods transported (million ton-km)","IS.RRS.GOOD.MT.K6","","","","","","","","","","","","","","","","","","","","","","","","","","","","","","","","","","","","","","","","","","","","","","","","","","","","","","","","","","","","",
"Bolivia","BOL","Railways, goods transported (million ton-km)","IS.RRS.GOOD.MT.K6","","","","","","","","","","","","","","","","","","","","","","","","","","","","","","","","","","","","","","","","","","","","","","","","","","","","","","","","","","","","",
"Brazil","BRA","Railways, goods transported (million ton-km)","IS.RRS.GOOD.MT.K6","","","","","","","","","","","","","","","","","","","","","","","","","","","","","","","","","","","","","","","","","","","","","","","7446.1","9393.5","","","","","","","","","","","","",
"Barbados","BRB","Railways, goods transported (million ton-km)","IS.RRS.GOOD.MT.K6","","","","","","","","","","","","","","","","","","","","","","","","","","","","","","","","","","","","","","","","","","","","","","","","","","","","","","","","","","","","",
"Brunei Darussalam","BRN","Railways, goods transported (million ton-km)","IS.RRS.GOOD.MT.K6","","","","","","","","","","","","","","","","","","","","","","","","","","","","","","","","","","","","","","","","","","","","","","","","","","","","","","","","","","","","",
"Bhutan","BTN","Railways, goods transported (million ton-km)","IS.RRS.GOOD.MT.K6","","","","","","","","","","","","","","","","","","","","","","","","","","","","","","","","","","","","","","","","","","","","","","","","","","","","","","","","","","","","",
"Botswana","BWA","Railways, goods transported (million ton-km)","IS.RRS.GOOD.MT.K6","","","","","","","","","","","","","","","","","","","","","","","","","","","","","","","","","","","","","794","795","1111","1282","1037","747","715","893","674","674","674","674","","","","","","","","","","","","",
"Central African Republic","CAF","Railways, goods transported (million ton-km)","IS.RRS.GOOD.MT.K6","","","","","","","","","","","","","","","","","","","","","","","","","","","","","","","","","","","","","","","","","","","","","","","","","","","","","","","","","","","","",
"Canada","CAN","Railways, goods transported (million ton-km)","IS.RRS.GOOD.MT.K6","","","","","","","","","","","","","","","","","","","","","","","","","","","","","","","","","","","","","","","","","","","","","434873","","","457700","","","","","","","557689","540141","","","","",
"Central Europe and the Baltics","CEB","Railways, goods transported (million ton-km)","IS.RRS.GOOD.MT.K6","","","","","","","","","","","","","","","","","","","","","","","","","","","","","","","","","","","","","8103","8622","8265","7849","8918","8222","9767","10113","9675","10311","10152","9423.059","8984.145","6484.885025","7669.131964","7290.321","6854","7951","8379.5","8718.5","7829.5","7785.7","","",
"Switzerland","CHE","Railways, goods transported (million ton-km)","IS.RRS.GOOD.MT.K6","","","","","","","","","","","","","","","","","","","","","","","","","","","","","","","","","","","","","7725","8506","9070","9825","11036","11113","10511","10650","11451","11394","11695","16736","13563","8174.9065724835","8724.63816200067","8749.06177373046","7541.06","7779.6335","8410.92","8531.85","8668.063","8492.3424","","",
"Channel Islands","CHI","Railways, goods transported (million ton-km)","IS.RRS.GOOD.MT.K6","","","","","","","","","","","","","","","","","","","","","","","","","","","","","","","","","","","","","","","","","","","","","","","","","","","","","","","","","","","","",
"Chile","CHL","Railways, goods transported (million ton-km)","IS.RRS.GOOD.MT.K6","","","","","","","","","","","","","","","","","","","","","","","","","","","","","","","","","","","","","914","854","958","1087","1233","1306","11","1628","1935","","","","","","","","","","","","","","","",
"China","CHN","Railways, goods transported (million ton-km)","IS.RRS.GOOD.MT.K6","","","","","","","","","","","","","","","","","","","","","","","","","","","","","","","","","","","","","1292185","1304641","1226152","1257789","1333606","1424980","1521911","1647558","1828548","1953336","2055716","2211246","2510629","2523917","2451185","2562635","2518310","2473477","2308669","1980061","1920285","2146466","","",
"Cote d'Ivoire","CIV","Railways, goods transported (million ton-km)","IS.RRS.GOOD.MT.K6","","","","","","","","","","","","","","","","","","","","","","","","","","","","","","","","","","","","","186","505","530","537","523","699","606","129","501","675","","","","","","","","","","","","","","",
"Cameroon","CMR","Railways, goods transported (million ton-km)","IS.RRS.GOOD.MT.K6","","","","","","","","","","","","","","","","","","","","","","","","","","","","","","","","","","","","","607","869","837","612","1063","1159","1162","1062","1114","1119","1136.385798","1055","978","1018.255942","1081.346693","1056.962047","","","","","","","","",
"Congo, Dem. Rep.","COD","Railways, goods transported (million ton-km)","IS.RRS.GOOD.MT.K6","","","","","","","","","","","","","","","","","","","","","","","","","","","","","","","","","","","","","318","262","365","326","362","409","430","403","491","427","323","299","275","152","193","158","170","174","148","133","174","194","","",
"Congo, Rep.","COG","Railways, goods transported (million ton-km)","IS.RRS.GOOD.MT.K6","","","","","","","","","","","","","","","","","","","","","","","","","","","","","","","","","","","","","289","139","135","20","85","228","307","247","231","264","237","224","253","257","","","","","","","","","","",
"Colombia","COL","Railways, goods transported (million ton-km)","IS.RRS.GOOD.MT.K6","","","","","","","","","","","","","","","","","","","","","","","","","","","","","","","","","","","","","","","","","","","","","","","","","","","","","","","","","","","","",
"Comoros","COM","Railways, goods transported (million ton-km)","IS.RRS.GOOD.MT.K6","","","","","","","","","","","","","","","","","","","","","","","","","","","","","","","","","","","","","","","","","","","","","","","","","","","","","","","","","","","","",
"Cabo Verde","CPV","Railways, goods transported (million ton-km)","IS.RRS.GOOD.MT.K6","","","","","","","","","","","","","","","","","","","","","","","","","","","","","","","","","","","","","","","","","","","","","","","","","","","","","","","","","","","","",
"Costa Rica","CRI","Railways, goods transported (million ton-km)","IS.RRS.GOOD.MT.K6","","","","","","","","","","","","","","","","","","","","","","","","","","","","","","","","","","","","","","","","","","","","","","","","","","","","","","","","","","","","",
"Caribbean small states","CSS","Railways, goods transported (million ton-km)","IS.RRS.GOOD.MT.K6","","","","","","","","","","","","","","","","","","","","","","","","","","","","","","","","","","","","","","","","","","","","","","","","","","","","","","","","","","","","",
"Cuba","CUB","Railways, goods transported (million ton-km)","IS.RRS.GOOD.MT.K6","","","","","","","","","","","","","","","","","","","","","","","","","","","","","","","","","","","","","1055","1075","1018","947","963","","1181","1232.9","1341","1371.2","1438.9","1351.1","","","","","","","","","","","","",
"Curacao","CUW","Railways, goods transported (million ton-km)","IS.RRS.GOOD.MT.K6","","","","","","","","","","","","","","","","","","","","","","","","","","","","","","","","","","","","","","","","","","","","","","","","","","","","","","","","","","","","",
"Cayman Islands","CYM","Railways, goods transported (million ton-km)","IS.RRS.GOOD.MT.K6","","","","","","","","","","","","","","","","","","","","","","","","","","","","","","","","","","","","","","","","","","","","","","","","","","","","","","","","","","","","",
"Cyprus","CYP","Railways, goods transported (million ton-km)","IS.RRS.GOOD.MT.K6","","","","","","","","","","","","","","","","","","","","","","","","","","","","","","","","","","","","","","","","","","","","","","","","","","","","","","","","","","","","",
"Czech Republic","CZE","Railways, goods transported (million ton-km)","IS.RRS.GOOD.MT.K6","","","","","","","","","","","","","","","","","","","","","","","","","","","","","","","","","","","","","22333","20733","18288","16457","17220","16557","15414","15435","14648","14383","14731","15287","14363","12616","11921","12123","11423","10588","9871","11095","10949","11819","","",
"Germany","DEU","Railways, goods transported (million ton-km)","IS.RRS.GOOD.MT.K6","","","","","","","","","","","","","","","","","","","","","","","","","","","","","","","","","","","","","67369","72389","73613","71021","76906","74575","74279","73973","83132","81722","88407.276","92076.750392","91178.36993165","72256.796737499","105793.764","111979.812088417","78542","75247","74818","72913","70562","70614","","",
"Djibouti","DJI","Railways, goods transported (million ton-km)","IS.RRS.GOOD.MT.K6","","","","","","","","","","","","","","","","","","","","","","","","","","","","","","","","","","","","","","","","116","118","91","85","97","","118","","","","","","","","","","","","","","",
"Dominica","DMA","Railways, goods transported (million ton-km)","IS.RRS.GOOD.MT.K6","","","","","","","","","","","","","","","","","","","","","","","","","","","","","","","","","","","","","","","","","","","","","","","","","","","","","","","","","","","","",
"Denmark","DNK","Railways, goods transported (million ton-km)","IS.RRS.GOOD.MT.K6","","","","","","","","","","","","","","","","","","","","","","","","","","","","","","","","","","","","","1613","1859","1925","1826","1991","2068","1867","1888","2030","","","","","","","","","","","","","","","",
"Dominican Republic","DOM","Railways, goods transported (million ton-km)","IS.RRS.GOOD.MT.K6","","","","","","","","","","","","","","","","","","","","","","","","","","","","","","","","","","","","","","","","","","","","","","","","","","","","","","","","","","","","",
"Algeria","DZA","Railways, goods transported (million ton-km)","IS.RRS.GOOD.MT.K6","","","","","","","","","","","","","","","","","","","","","","","","","","","","","","","","","","","","","2139","2023","2174","2033","1980","1990","2247","2038","1945","1471","1429","1424.881","1562.16","1184","1281","1248","1253","","928","1011","885","1009","","",
"East Asia & Pacific (excluding high income)","EAP","Railways, goods transported (million ton-km)","IS.RRS.GOOD.MT.K6","","","","","","","","","","","","","","","","","","","","","","","","","","","","","","","","","","","","","1533","1521","1324","2162.5","2084","","2947","1014","2682","","","","","","","","","","","","","","","",
"Early-demographic dividend","EAR","Railways, goods transported (million ton-km)","IS.RRS.GOOD.MT.K6","","","","","","","","","","","","","","","","","","","","","","","","","","","","","","","","","","","","","1258","1439","1599.5","","1841","","","","","","","","","","","","","","","","","","","",
"East Asia & Pacific","EAS","Railways, goods transported (million ton-km)","IS.RRS.GOOD.MT.K6","","","","","","","","","","","","","","","","","","","","","","","","","","","","","","","","","","","","","2900.5","3032.5","2865.5","3515","4078","","5173","2674","4037","","","6383","","","8309","","","","","","","","","",
"Europe & Central Asia (excluding high income)","ECA","Railways, goods transported (million ton-km)","IS.RRS.GOOD.MT.K6","","","","","","","","","","","","","","","","","","","","","","","","","","","","","","","","","","","","","4782","5434","5386","5190.5","5653.5","5523","6437","5274","5212","6127.1","7378.7","8152.5","8275.4","6512.5","7238.7","7845.5","8212.2","7958.3","8817.95","7914.25","4308","3287.8","","",
"Europe & Central Asia","ECS","Railways, goods transported (million ton-km)","IS.RRS.GOOD.MT.K6","","","","","","","","","","","","","","","","","","","","","","","","","","","","","","","","","","","","","7517","7465","7701","7392","7788","7384","8313.5","8112.5","9213","9706","10441","10374","10164.21","7470.34","8487.26908100034","8749.06177373046","8743.6","8525.15","9003.96","8499.925","8587","7750.3712","","",
"Ecuador","ECU","Railways, goods transported (million ton-km)","IS.RRS.GOOD.MT.K6","","","","","","","","","","","","","","","","","","","","","","","","","","","","","","","","","","","","","","","","","","","","","","","","","","","","","","","","","","","","",
"Egypt, Arab Rep.","EGY","Railways, goods transported (million ton-km)","IS.RRS.GOOD.MT.K6","","","","","","","","","","","","","","","","","","","","","","","","","","","","","","","","","","","","","4117","3969","4004","3900","4012","4022","4188","","3840","3840","4188","","3840.367","","1592.136","","","","","","","","","",
"Euro area","EMU","Railways, goods transported (million ton-km)","IS.RRS.GOOD.MT.K6","","","","","","","","","","","","","","","","","","","","","","","","","","","","","","","","","","","","","8454.5","9239","9075","8801","9512.5","9039.5","9715.5","10080","9890","10311","11060","10434","10224.42","7348.68","9750","9395","10264.5","10014","9597","8468","","","","",
"Eritrea","ERI","Railways, goods transported (million ton-km)","IS.RRS.GOOD.MT.K6","","","","","","","","","","","","","","","","","","","","","","","","","","","","","","","","","","","","","","","","","","","","","","","","","","","","","","","","","","","","",
"Spain","ESP","Railways, goods transported (million ton-km)","IS.RRS.GOOD.MT.K6","","","","","","","","","","","","","","","","","","","","","","","","","","","","","","","","","","","","","10008","11339","11632","11896","12042","12184","12091","15389","15586","14896","11524","11065.47","10224.42","7348.68","7845.03","8015.263","7095.45","7393.39","7603.36","7125.98","6599.19","6648.96","","",
"Estonia","EST","Railways, goods transported (million ton-km)","IS.RRS.GOOD.MT.K6","","","","","","","","","","","","","","","","","","","","","","","","","","","","","","","","","","","","","4198","5902","5786","7020","7788","8222","9330","9283","9567","10311","10152","8153","5683.1","5777","6250","6034","4807","","","","","","","",
"Ethiopia","ETH","Railways, goods transported (million ton-km)","IS.RRS.GOOD.MT.K6","","","","","","","","","","","","","","","","","","","","","","","","","","","","","","","","","","","","","","","","","","","","","","","","","","","","","","","","","","","","",
"European Union","EUU","Railways, goods transported (million ton-km)","IS.RRS.GOOD.MT.K6","","","","","","","","","","","","","","","","","","","","","","","","","","","","","","","","","","","","","8806","9856","9885","9753","10107","9857","9767","10113","10105","11384","11500","10749.735","10777","7348.68","9750","9395","9590","9281","9597","8468","","","","",
"Fragile and conflict affected situations","FCS","Railways, goods transported (million ton-km)","IS.RRS.GOOD.MT.K6","","","","","","","","","","","","","","","","","","","","","","","","","","","","","","","","","","","","","","","","","","","","","","","","","","","","","","","","","","","","",
"Finland","FIN","Railways, goods transported (million ton-km)","IS.RRS.GOOD.MT.K6","","","","","","","","","","","","","","","","","","","","","","","","","","","","","","","","","","","","","8806","9856","9885","9753","10107","9857","9664","10047","10105","9706","11060","10434","10777","8872","9750","9395","9275","9470","9597","8468","9445","10319","","",
"Fiji","FJI","Railways, goods transported (million ton-km)","IS.RRS.GOOD.MT.K6","","","","","","","","","","","","","","","","","","","","","","","","","","","","","","","","","","","","","","","","","","","","","","","","","","","","","","","","","","","","",
"France","FRA","Railways, goods transported (million ton-km)","IS.RRS.GOOD.MT.K6","","","","","","","","","","","","","","","","","","","","","","","","","","","","","","","","","","","","","48449","52819","53169","52715","56167","51257","51180","48324","46974","41901","40924","42434.252","40432.409213105","26482.321","22840.148425205","26839","24985","24032","24598","","","","","",
"Faroe Islands","FRO","Railways, goods transported (million ton-km)","IS.RRS.GOOD.MT.K6","","","","","","","","","","","","","","","","","","","","","","","","","","","","","","","","","","","","","","","","","","","","","","","","","","","","","","","","","","","","",
"Micronesia, Fed. Sts.","FSM","Railways, goods transported (million ton-km)","IS.RRS.GOOD.MT.K6","","","","","","","","","","","","","","","","","","","","","","","","","","","","","","","","","","","","","","","","","","","","","","","","","","","","","","","","","","","","",
"Gabon","GAB","Railways, goods transported (million ton-km)","IS.RRS.GOOD.MT.K6","","","","","","","","","","","","","","","","","","","","","","","","","","","","","","","","","","","","","493","1636","1741","1609","1702","1834","2998","","1904","2219","2202","2502","2485","1581","2238","2417","2235","2613","2447","2727","2058","","","",
"United Kingdom","GBR","Railways, goods transported (million ton-km)","IS.RRS.GOOD.MT.K6","","","","","","","","","","","","","","","","","","","","","","","","","","","","","","","","","","","","","29003","32000","17300","18200","18100","19400","18700","18900","20700","22110","106080","34984.864","12511.867","","","","","","","","","","","",
"Georgia","GEO","Railways, goods transported (million ton-km)","IS.RRS.GOOD.MT.K6","","","","","","","","","","","","","","","","","","","","","","","","","","","","","","","","","","","","","1141","2006","2694","3160","3912","4481","5065","5538.5","4862","6127.1","7378.7","6928","6529.4","5433","6227.5","6054.8","5976","5539.6","4987.5","4261.25","3424","2963","","",
"Ghana","GHA","Railways, goods transported (million ton-km)","IS.RRS.GOOD.MT.K6","","","","","","","","","","","","","","","","","","","","","","","","","","","","","","","","","","","","","151","155","141","151","165","","","242","","","181","","","","","","","","","","","","","",
"Gibraltar","GIB","Railways, goods transported (million ton-km)","IS.RRS.GOOD.MT.K6","","","","","","","","","","","","","","","","","","","","","","","","","","","","","","","","","","","","","","","","","","","","","","","","","","","","","","","","","","","","",
"Guinea","GIN","Railways, goods transported (million ton-km)","IS.RRS.GOOD.MT.K6","","","","","","","","","","","","","","","","","","","","","","","","","","","","","","","","","","","","","","","","","","","","","","","","","","","","","","","","","","","","",
"Gambia, The","GMB","Railways, goods transported (million ton-km)","IS.RRS.GOOD.MT.K6","","","","","","","","","","","","","","","","","","","","","","","","","","","","","","","","","","","","","","","","","","","","","","","","","","","","","","","","","","","","",
"Guinea-Bissau","GNB","Railways, goods transported (million ton-km)","IS.RRS.GOOD.MT.K6","","","","","","","","","","","","","","","","","","","","","","","","","","","","","","","","","","","","","","","","","","","","","","","","","","","","","","","","","","","","",
"Equatorial Guinea","GNQ","Railways, goods transported (million ton-km)","IS.RRS.GOOD.MT.K6","","","","","","","","","","","","","","","","","","","","","","","","","","","","","","","","","","","","","","","","","","","","","","","","","","","","","","","","","","","","",
"Greece","GRC","Railways, goods transported (million ton-km)","IS.RRS.GOOD.MT.K6","","","","","","","","","","","","","","","","","","","","","","","","","","","","","","","","","","","","","333","313","310","322","422","373","327","456","588","611","662","835","786","538.12","","","","","","","","","","",
"Grenada","GRD","Railways, goods transported (million ton-km)","IS.RRS.GOOD.MT.K6","","","","","","","","","","","","","","","","","","","","","","","","","","","","","","","","","","","","","","","","","","","","","","","","","","","","","","","","","","","","",
"Greenland","GRL","Railways, goods transported (million ton-km)","IS.RRS.GOOD.MT.K6","","","","","","","","","","","","","","","","","","","","","","","","","","","","","","","","","","","","","","","","","","","","","","","","","","","","","","","","","","","","",
"Guatemala","GTM","Railways, goods transported (million ton-km)","IS.RRS.GOOD.MT.K6","","","","","","","","","","","","","","","","","","","","","","","","","","","","","","","","","","","","","","","","","2207","","","","","","","","","","","","","","","","","","","",
"Guam","GUM","Railways, goods transported (million ton-km)","IS.RRS.GOOD.MT.K6","","","","","","","","","","","","","","","","","","","","","","","","","","","","","","","","","","","","","","","","","","","","","","","","","","","","","","","","","","","","",
"Guyana","GUY","Railways, goods transported (million ton-km)","IS.RRS.GOOD.MT.K6","","","","","","","","","","","","","","","","","","","","","","","","","","","","","","","","","","","","","","","","","","","","","","","","","","","","","","","","","","","","",
"High income","HIC","Railways, goods transported (million ton-km)","IS.RRS.GOOD.MT.K6","","","","","","","","","","","","","","","","","","","","","","","","","","","","","","","","","","","","","7725","8506","8265","7849","8918","9039.5","9715.5","10080","10373","10209.5","11280","10996.235","11566","8523.45328624175","9452","9695.5","","","","","","","","",
"Hong Kong SAR, China","HKG","Railways, goods transported (million ton-km)","IS.RRS.GOOD.MT.K6","","","","","","","","","","","","","","","","","","","","","","","","","","","","","","","","","","","","","","","","","","","","","","","","","","","","","","","","","","","","",
"Honduras","HND","Railways, goods transported (million ton-km)","IS.RRS.GOOD.MT.K6","","","","","","","","","","","","","","","","","","","","","","","","","","","","","","","","","","","","","","","","","","","","","","","","","","","","","","","","","","","","",
"Heavily indebted poor countries (HIPC)","HPC","Railways, goods transported (million ton-km)","IS.RRS.GOOD.MT.K6","","","","","","","","","","","","","","","","","","","","","","","","","","","","","","","","","","","","","","","","","","","","","","","","","","","","","","","","","","","","",
"Croatia","HRV","Railways, goods transported (million ton-km)","IS.RRS.GOOD.MT.K6","","","","","","","","","","","","","","","","","","","","","","","","","","","","","","","","","","","","","1712","1790","1829","1685","1788","2074","2206","2487","2493","2835","3305","3574","3312","2641","2618","2438","2332","2086","2119","2184","1922","2012","","",
"Haiti","HTI","Railways, goods transported (million ton-km)","IS.RRS.GOOD.MT.K6","","","","","","","","","","","","","","","","","","","","","","","","","","","","","","","","","","","","","","","","","","","","","","","","","","","","","","","","","","","","",
"Hungary","HUN","Railways, goods transported (million ton-km)","IS.RRS.GOOD.MT.K6","","","","","","","","","","","","","","","","","","","","","","","","","","","","","","","","","","","","","6798","7367","7393","7107","7402","6981","6965","7189","7847","8014","8748","8642.4","8068.247","1403.416","989.743709","733","1138","705","439.141","446.842","","","","",
"IBRD only","IBD","Railways, goods transported (million ton-km)","IS.RRS.GOOD.MT.K6","","","","","","","","","","","","","","","","","","","","","","","","","","","","","","","","","","","","","2224","2328","2784","3043.5","3912","4107.5","4041","3365.5","3164","3080.5","4289","5538.994241","4959","","3901","","","","","","","","","",
"IDA & IBRD total","IBT","Railways, goods transported (million ton-km)","IS.RRS.GOOD.MT.K6","","","","","","","","","","","","","","","","","","","","","","","","","","","","","","","","","","","","","1309","1384","1324","1340","1557","","1813.889","","1935","","","","","","","","","","","","","","","",
"IDA total","IDA","Railways, goods transported (million ton-km)","IS.RRS.GOOD.MT.K6","","","","","","","","","","","","","","","","","","","","","","","","","","","","","","","","","","","","","","","","","","","","","","","","","","","","","","","","","","","","",
"IDA blend","IDB","Railways, goods transported (million ton-km)","IS.RRS.GOOD.MT.K6","","","","","","","","","","","","","","","","","","","","","","","","","","","","","","","","","","","","","2541","1825.5","2652","1362","1557","2049","2126.5","1062","2183.5","2049.5","4781","3092","4530","","","","","","","","","","","",
"Indonesia","IDN","Railways, goods transported (million ton-km)","IS.RRS.GOOD.MT.K6","","","","","","","","","","","","","","","","","","","","","","","","","","","","","","","","","","","","","4730","4980","4960","5141","4997","","","","","","4390","4405","5452","","7166","","","","","","","","","",
"IDA only","IDX","Railways, goods transported (million ton-km)","IS.RRS.GOOD.MT.K6","","","","","","","","","","","","","","","","","","","","","","","","","","","","","","","","","","","","","","","","","","","","","","","","","","","","","","","","","","","","",
"Isle of Man","IMN","Railways, goods transported (million ton-km)","IS.RRS.GOOD.MT.K6","","","","","","","","","","","","","","","","","","","","","","","","","","","","","","","","","","","","","","","","","","","","","","","","","","","","","","","","","","","","",
"India","IND","Railways, goods transported (million ton-km)","IS.RRS.GOOD.MT.K6","","","","","","","","","","","","","","","","","","","","","","","","","","","","","","","","","","","","","270489","277567","284249","281513","305201","312371","333228","353194","381241","407398","439596","480993","521371","551448","600548","625723","667607","649645","665810","681696","654481","620175","","",
"Not classified","INX","Railways, goods transported (million ton-km)","IS.RRS.GOOD.MT.K6","","","","","","","","","","","","","","","","","","","","","","","","","","","","","","","","","","","","","","","","","","","","","","","","","","","","","","","","","","","","",
"Ireland","IRL","Railways, goods transported (million ton-km)","IS.RRS.GOOD.MT.K6","","","","","","","","","","","","","","","","","","","","","","","","","","","","","","","","","","","","","570","522","466","526","491","516","426","398.3","399","303","166","129","103","79","92","105","91","98","100","96","","","","",
"Iran, Islamic Rep.","IRN","Railways, goods transported (million ton-km)","IS.RRS.GOOD.MT.K6","","","","","","","","","","","","","","","","","","","","","","","","","","","","","","","","","","","","","13638","14400","12638","14082","14179","14613","15842","18048","18182.1","19127","20542","21729","22140","20247","21779.374","21008","22604","22400","24461","25014","27243","30299","","",
"Iraq","IRQ","Railways, goods transported (million ton-km)","IS.RRS.GOOD.MT.K6","","","","","","","","","","","","","","","","","","","","","","","","","","","","","","","","","","","","","908","947","751","821","867","1109","1683","","1079","733","64","","120.634","","249.463","","","","","","","","","",
"Iceland","ISL","Railways, goods transported (million ton-km)","IS.RRS.GOOD.MT.K6","","","","","","","","","","","","","","","","","","","","","","","","","","","","","","","","","","","","","","","","","","","","","","","","","","","","","","","","","","","","",
"Israel","ISR","Railways, goods transported (million ton-km)","IS.RRS.GOOD.MT.K6","","","","","","","","","","","","","","","","","","","","","","","","","","","","","","","","","","","","","1152","990","1050","1128","1173","1096","1100","1111","1173","1149","1123","1177","1057.217401","799.396224","1061.91563506","1099.23393803","","1058","1165","1155","1404.378038","","","",
"Italy","ITA","Railways, goods transported (million ton-km)","IS.RRS.GOOD.MT.K6","","","","","","","","","","","","","","","","","","","","","","","","","","","","","","","","","","","","","23314","25228","24703","23781","22839","21788","20919","20774","21580","21044.626","21695.475","22340.36","19918","13569","12037","11547","11254","10558","","","10200","9969","","",
"Jamaica","JAM","Railways, goods transported (million ton-km)","IS.RRS.GOOD.MT.K6","","","","","","","","","","","","","","","","","","","","","","","","","","","","","","","","","","","","","","","","","","","","","","","","","","","","","","","","","","","","",
"Jordan","JOR","Railways, goods transported (million ton-km)","IS.RRS.GOOD.MT.K6","","","","","","","","","","","","","","","","","","","","","","","","","","","","","","","","","","","","","750","622","","622","575","249","529","2422.5","1.868","517.999","","433","449","353","344.1","","","","","","","","","",
"Japan","JPN","Railways, goods transported (million ton-km)","IS.RRS.GOOD.MT.K6","","","","","","","","","","","","","","","","","","","","","","","","","","","","","","","","","","","","","24635","48974","22681","22313","21800","21950","21900","22600","22200","22632","23014","23166","22100","20432","20255","19852.128","20471","21070","21028","21519","21265","","","",
"Kazakhstan","KAZ","Railways, goods transported (million ton-km)","IS.RRS.GOOD.MT.K6","","","","","","","","","","","","","","","","","","","","","","","","","","","","","","","","","","","","","108596","106425","99877","91700","124983","135653","133088","147672","163420","171855","191189","200752","214906.646","197302","213174","223583.5","235845.5","231248","216524","189759","188159","206258","","",
"Kenya","KEN","Railways, goods transported (million ton-km)","IS.RRS.GOOD.MT.K6","","","","","","","","","","","","","","","","","","","","","","","","","","","","","","","","","","","","","1309","1068","1111","1492","1557","1603","1538","","1399","","","","","","","","","","","","","","","",
"Kyrgyz Republic","KGZ","Railways, goods transported (million ton-km)","IS.RRS.GOOD.MT.K6","","","","","","","","","","","","","","","","","","","","","","","","","","","","","","","","","","","","","481","472","466","355","337","332","395","562","715","","751.8","848.9","945.5","744.5","737.7","798.3","922.7","1002","1010","918","807","935","","",
"Cambodia","KHM","Railways, goods transported (million ton-km)","IS.RRS.GOOD.MT.K6","","","","","","","","","","","","","","","","","","","","","","","","","","","","","","","","","","","","","9","35","75","78","92","","","92","","","","","","","","","","","","","","","","",
"Kiribati","KIR","Railways, goods transported (million ton-km)","IS.RRS.GOOD.MT.K6","","","","","","","","","","","","","","","","","","","","","","","","","","","","","","","","","","","","","","","","","","","","","","","","","","","","","","","","","","","","",
"St. Kitts and Nevis","KNA","Railways, goods transported (million ton-km)","IS.RRS.GOOD.MT.K6","","","","","","","","","","","","","","","","","","","","","","","","","","","","","","","","","","","","","","","","","","","","","","","","","","","","","","","","","","","","",
"Korea, Rep.","KOR","Railways, goods transported (million ton-km)","IS.RRS.GOOD.MT.K6","","","","","","","","","","","","","","","","","","","","","","","","","","","","","","","","","","","","","11914","11654","9857","9924","10621","10492","10784","11057","10641","10108","10554","10927","11566","9273","9452","9996","10271","10459","9564","9479","8414","8229","","",
"Kuwait","KWT","Railways, goods transported (million ton-km)","IS.RRS.GOOD.MT.K6","","","","","","","","","","","","","","","","","","","","","","","","","","","","","","","","","","","","","","","","","","","","","","","","","","","","","","","","","","","","",
"Latin America & Caribbean (excluding high income)","LAC","Railways, goods transported (million ton-km)","IS.RRS.GOOD.MT.K6","","","","","","","","","","","","","","","","","","","","","","","","","","","","","","","","","","","","","","","","","","","","","","","","","","","","","","","","","","","","",
"Lao PDR","LAO","Railways, goods transported (million ton-km)","IS.RRS.GOOD.MT.K6","","","","","","","","","","","","","","","","","","","","","","","","","","","","","","","","","","","","","","","","","","","","","","","","","","","","","","","","","","","","",
"Lebanon","LBN","Railways, goods transported (million ton-km)","IS.RRS.GOOD.MT.K6","","","","","","","","","","","","","","","","","","","","","","","","","","","","","","","","","","","","","","","","","","","","","","","","","","","","","","","","","","","","",
"Liberia","LBR","Railways, goods transported (million ton-km)","IS.RRS.GOOD.MT.K6","","","","","","","","","","","","","","","","","","","","","","","","","","","","","","","","","","","","","","","","","","","","","","","","","","","","","","","","","","","","",
"Libya","LBY","Railways, goods transported (million ton-km)","IS.RRS.GOOD.MT.K6","","","","","","","","","","","","","","","","","","","","","","","","","","","","","","","","","","","","","","","","","","","","","","","","","","","","","","","","","","","","",
"St. Lucia","LCA","Railways, goods transported (million ton-km)","IS.RRS.GOOD.MT.K6","","","","","","","","","","","","","","","","","","","","","","","","","","","","","","","","","","","","","","","","","","","","","","","","","","","","","","","","","","","","",
"Latin America & Caribbean","LCN","Railways, goods transported (million ton-km)","IS.RRS.GOOD.MT.K6","","","","","","","","","","","","","","","","","","","","","","","","","","","","","","","","","","","","","","","","","","","","","","","","","","","","","","","","","","","","",
"Least developed countries: UN classification","LDC","Railways, goods transported (million ton-km)","IS.RRS.GOOD.MT.K6","","","","","","","","","","","","","","","","","","","","","","","","","","","","","","","","","","","","","","","","","","","","","","","","","","","","","","","","","","","","",
"Low income","LIC","Railways, goods transported (million ton-km)","IS.RRS.GOOD.MT.K6","","","","","","","","","","","","","","","","","","","","","","","","","","","","","","","","","","","","","","","","","","","","","","","","","","","","","","","","","","","","",
"Liechtenstein","LIE","Railways, goods transported (million ton-km)","IS.RRS.GOOD.MT.K6","","","","","","","","","","","","","","","","","","","","","","","","","","","","","","","","","","","","","","","","","","","","","","","","","","","","","","","","","","","","",
"Sri Lanka","LKA","Railways, goods transported (million ton-km)","IS.RRS.GOOD.MT.K6","","","","","","","","","","","","","","","","","","","","","","","","","","","","","","","","","","","","","108","96","106","107","","","","126.5","138","134.7","","135","","","","153.9","142.4","133","","127.39","","","","",
"Lower middle income","LMC","Railways, goods transported (million ton-km)","IS.RRS.GOOD.MT.K6","","","","","","","","","","","","","","","","","","","","","","","","","","","","","","","","","","","","","1309","1068","1217.5","1315","1547.5","","1769","983","1399","","","","","","","","","","","","","","","",
"Low & middle income","LMY","Railways, goods transported (million ton-km)","IS.RRS.GOOD.MT.K6","","","","","","","","","","","","","","","","","","","","","","","","","","","","","","","","","","","","","1225","1360.5","1217.5","1282","1547.5","","1748.4445","","1886.2","","","","","","","","","","","","","","","",
"Lesotho","LSO","Railways, goods transported (million ton-km)","IS.RRS.GOOD.MT.K6","","","","","","","","","","","","","","","","","","","","","","","","","","","","","","","","","","","","","","","","","","","","","","","","","","","","","","","","","","","","",
"Late-demographic dividend","LTE","Railways, goods transported (million ton-km)","IS.RRS.GOOD.MT.K6","","","","","","","","","","","","","","","","","","","","","","","","","","","","","","","","","","","","","2541","2583","2694","2927","3097","4481","4418.5","3000","3600.5","3635","6561.35","5837","5321.05","5605","5899.75","6034","","","","","","","","",
"Lithuania","LTU","Railways, goods transported (million ton-km)","IS.RRS.GOOD.MT.K6","","","","","","","","","","","","","","","","","","","","","","","","","","","","","","","","","","","","","8103","8622","8265","7849","8918","7741","9767","11457","11637","12457","12896","14373","14748","11888","13431","15088","14172","13344","14307","14036","13790","15414","","",
"Luxembourg","LUX","Railways, goods transported (million ton-km)","IS.RRS.GOOD.MT.K6","","","","","","","","","","","","","","","","","","","","","","","","","","","","","","","","","","","","","530","566","574","608","632","585","572","523","559","392","441","287","282","189","","","","","","","","","","",
"Latvia","LVA","Railways, goods transported (million ton-km)","IS.RRS.GOOD.MT.K6","","","","","","","","","","","","","","","","","","","","","","","","","","","","","","","","","","","","","12413","13970","12995","12210","13310","14179","15020","17604","16877","17921","15273","18313","17704","14648","13175","16550","16931","14991","15257","13023","11838","9971","","",
"Macao SAR, China","MAC","Railways, goods transported (million ton-km)","IS.RRS.GOOD.MT.K6","","","","","","","","","","","","","","","","","","","","","","","","","","","","","","","","","","","","","","","","","","","","","","","","","","","","","","","","","","","","",
"St. Martin (French part)","MAF","Railways, goods transported (million ton-km)","IS.RRS.GOOD.MT.K6","","","","","","","","","","","","","","","","","","","","","","","","","","","","","","","","","","","","","","","","","","","","","","","","","","","","","","","","","","","","",
"Morocco","MAR","Railways, goods transported (million ton-km)","IS.RRS.GOOD.MT.K6","","","","","","","","","","","","","","","","","","","","","","","","","","","","","","","","","","","","","4666","4758","4757","4729","4576","4622","4943","5110","5524","5825","5744","5837","4959","4111","5572","5976","","","5383.499","4748.521","","3896","","",
"Monaco","MCO","Railways, goods transported (million ton-km)","IS.RRS.GOOD.MT.K6","","","","","","","","","","","","","","","","","","","","","","","","","","","","","","","","","","","","","","","","","","","","","","","","","","","","","","","","","","","","",
"Moldova","MDA","Railways, goods transported (million ton-km)","IS.RRS.GOOD.MT.K6","","","","","","","","","","","","","","","","","","","","","","","","","","","","","","","","","","","","","2785","2818","2652","1232","1538","2049","2715","3000","2968","2980","3655","3092","2873","1017","927.1","1171.9","944.6","1238.3","1179","959","793","971","","",
"Madagascar","MDG","Railways, goods transported (million ton-km)","IS.RRS.GOOD.MT.K6","","","","","","","","","","","","","","","","","","","","","","","","","","","","","","","","","","","","","85","89","78","39","27","12","12","","","","","1","","131.9","","","","","122.335","","","","","",
"Maldives","MDV","Railways, goods transported (million ton-km)","IS.RRS.GOOD.MT.K6","","","","","","","","","","","","","","","","","","","","","","","","","","","","","","","","","","","","","","","","","","","","","","","","","","","","","","","","","","","","",
"Middle East & North Africa","MEA","Railways, goods transported (million ton-km)","IS.RRS.GOOD.MT.K6","","","","","","","","","","","","","","","","","","","","","","","","","","","","","","","","","","","","","1751.5","1731","2174","1606","1774","1740.5","2030.4445","","1906.7","1769","2174","","1910.5","","1722.304","","","","","","","","","",
"Mexico","MEX","Railways, goods transported (million ton-km)","IS.RRS.GOOD.MT.K6","","","","","","","","","","","","","","","","","","","","","","","","","","","","","","","","","","","","","","","","","","","","","61000","","","69814.4773516638","","","","","","","70986.847141656","73878.9676291815","","","","",
"Marshall Islands","MHL","Railways, goods transported (million ton-km)","IS.RRS.GOOD.MT.K6","","","","","","","","","","","","","","","","","","","","","","","","","","","","","","","","","","","","","","","","","","","","","","","","","","","","","","","","","","","","",
"Middle income","MIC","Railways, goods transported (million ton-km)","IS.RRS.GOOD.MT.K6","","","","","","","","","","","","","","","","","","","","","","","","","","","","","","","","","","","","","1417","1636","1741","1550.5","1980","2305.5","2483","2297.75","2082","2143","3795","4822.994241","","","","","","","","","","","","",
"North Macedonia","MKD","Railways, goods transported (million ton-km)","IS.RRS.GOOD.MT.K6","","","","","","","","","","","","","","","","","","","","","","","","","","","","","","","","","","","","","271","280","408","380","527","462","334","376","426","530","614","778","743","497","525","479","423","","","","221.986","276.627","","",
"Mali","MLI","Railways, goods transported (million ton-km)","IS.RRS.GOOD.MT.K6","","","","","","","","","","","","","","","","","","","","","","","","","","","","","","","","","","","","","256","258","251","241","188","161","189","","","","","","","","","","","","","","","","","",
"Malta","MLT","Railways, goods transported (million ton-km)","IS.RRS.GOOD.MT.K6","","","","","","","","","","","","","","","","","","","","","","","","","","","","","","","","","","","","","","","","","","","","","","","","","","","","","","","","","","","","",
"Myanmar","MMR","Railways, goods transported (million ton-km)","IS.RRS.GOOD.MT.K6","","","","","","","","","","","","","","","","","","","","","","","","","","","","","","","","","","","","","748","674","988","1103","1222","","1185","1014","885","","","","","","","","","","","","","","","",
"Middle East & North Africa (excluding high income)","MNA","Railways, goods transported (million ton-km)","IS.RRS.GOOD.MT.K6","","","","","","","","","","","","","","","","","","","","","","","","","","","","","","","","","","","","","2224","2175.5","2315","1834","2131","2131.5","2249","2297.75","2013.5","2070.685","2458","2374","2221.7365","","1808.3085","","","","","","","","","",
"Montenegro","MNE","Railways, goods transported (million ton-km)","IS.RRS.GOOD.MT.K6","","","","","","","","","","","","","","","","","","","","","","","","","","","","","","","","","","","","","","","","","","","","55","94","132","133","183","185.9","104","150","136","","104.7","94.4","111.9","112.5","168.9","","",
"Mongolia","MNG","Railways, goods transported (million ton-km)","IS.RRS.GOOD.MT.K6","","","","","","","","","","","","","","","","","","","","","","","","","","","","","","","","","","","","","2541","2583","2857","3515","4293","5287","6452","","8857","","9218.5","8361","8261","7852","20573.7","22836.7","24285.7","12077","12474","11462.59","12371","13493","","",
"Northern Mariana Islands","MNP","Railways, goods transported (million ton-km)","IS.RRS.GOOD.MT.K6","","","","","","","","","","","","","","","","","","","","","","","","","","","","","","","","","","","","","","","","","","","","","","","","","","","","","","","","","","","","",
"Mozambique","MOZ","Railways, goods transported (million ton-km)","IS.RRS.GOOD.MT.K6","","","","","","","","","","","","","","","","","","","","","","","","","","","","","","","","","","","","","983","896","707","721","438","774","808","1362","","768.3","775.1","736.3","717.7","772.3","1009.8","1193.4","","","","","","","","",
"Mauritania","MRT","Railways, goods transported (million ton-km)","IS.RRS.GOOD.MT.K6","","","","","","","","","","","","","","","","","","","","","","","","","","","","","","","","","","","","","","","","","","","9554","10153","10674","","","7581.6","7565.64","","7535.7","","","","","","","","","",
"Mauritius","MUS","Railways, goods transported (million ton-km)","IS.RRS.GOOD.MT.K6","","","","","","","","","","","","","","","","","","","","","","","","","","","","","","","","","","","","","","","","","","","","","","","","","","","","","","","","","","","","",
"Malawi","MWI","Railways, goods transported (million ton-km)","IS.RRS.GOOD.MT.K6","","","","","","","","","","","","","","","","","","","","","","","","","","","","","","","","","","","","","","","","","","","","","","","","33","","","","","","","","","","","","",
"Malaysia","MYS","Railways, goods transported (million ton-km)","IS.RRS.GOOD.MT.K6","","","","","","","","","","","","","","","","","","","","","","","","","","","","","","","","","","","","","1417","1337","992","907","916","1094","1107","886","1016","1177","1572","1355.2370783025","1350","1384.10928416","1482.69","1535","1564","1760","1741","1474","1349","1234","","",
"North America","NAC","Railways, goods transported (million ton-km)","IS.RRS.GOOD.MT.K6","","","","","","","","","","","","","","","","","","","","","","","","","","","","","","","","","","","","","1979622","1969331","2010027","2092745","2140191","2183277","2200123","2264983","1431070.5","2476653","2586836","1521320","2594631","2236917","2468738","2524585","2500300","2541354","1630212.5","1543697","2314693","2445132","","",
"Namibia","NAM","Railways, goods transported (million ton-km)","IS.RRS.GOOD.MT.K6","","","","","","","","","","","","","","","","","","","","","","","","","","","","","","","","","","","","","","","","","","","","","","","","","","","","","","","","","","","","",
"New Caledonia","NCL","Railways, goods transported (million ton-km)","IS.RRS.GOOD.MT.K6","","","","","","","","","","","","","","","","","","","","","","","","","","","","","","","","","","","","","","","","","","","","","","","","","","","","","","","","","","","","",
"Niger","NER","Railways, goods transported (million ton-km)","IS.RRS.GOOD.MT.K6","","","","","","","","","","","","","","","","","","","","","","","","","","","","","","","","","","","","","","","","","","","","","","","","","","","","","","","","","","","","",
"Nigeria","NGA","Railways, goods transported (million ton-km)","IS.RRS.GOOD.MT.K6","","","","","","","","","","","","","","","","","","","","","","","","","","","","","","","","","","","","","","480","","54","","","44","39","57.214","76.926","","","","","","","","","","","","","","",
"Nicaragua","NIC","Railways, goods transported (million ton-km)","IS.RRS.GOOD.MT.K6","","","","","","","","","","","","","","","","","","","","","","","","","","","","","","","","","","","","","","","","","","","","","","","","","","","","","","","","","","","","",
"Netherlands","NLD","Railways, goods transported (million ton-km)","IS.RRS.GOOD.MT.K6","","","","","","","","","","","","","","","","","","","","","","","","","","","","","","","","","","","","","3123","3406","3778","3549","3819","3834","3685","4026","4331","","","","","","","","","","","","","","","",
"Norway","NOR","Railways, goods transported (million ton-km)","IS.RRS.GOOD.MT.K6","","","","","","","","","","","","","","","","","","","","","","","","","","","","","","","","","","","","","2636","3017","2976","2862","2894","2929","2190","2092","","2395","","","","","","","","","","","","","","",
"Nepal","NPL","Railways, goods transported (million ton-km)","IS.RRS.GOOD.MT.K6","","","","","","","","","","","","","","","","","","","","","","","","","","","","","","","","","","","","","","","","","","","","","","","","","","","","","","","","","","","","",
"Nauru","NRU","Railways, goods transported (million ton-km)","IS.RRS.GOOD.MT.K6","","","","","","","","","","","","","","","","","","","","","","","","","","","","","","","","","","","","","","","","","","","","","","","","","","","","","","","","","","","","",
"New Zealand","NZL","Railways, goods transported (million ton-km)","IS.RRS.GOOD.MT.K6","","","","","","","","","","","","","","","","","","","","","","","","","","","","","","","","","","","","","3260","3505","3547","3671","4078","","","","","","","","","","","","","","","","","","","",
"OECD members","OED","Railways, goods transported (million ton-km)","IS.RRS.GOOD.MT.K6","","","","","","","","","","","","","","","","","","","","","","","","","","","","","","","","","","","","","8801","9668","9463.5","9789","10364","10492","10383","10650","11544","11394","11524","14830","11725","9273","10932","10735","10972.5","10459","10508","10356.5","","","","",
"Oman","OMN","Railways, goods transported (million ton-km)","IS.RRS.GOOD.MT.K6","","","","","","","","","","","","","","","","","","","","","","","","","","","","","","","","","","","","","","","","","","","","","","","","","","","","","","","","","","","","",
"Other small states","OSS","Railways, goods transported (million ton-km)","IS.RRS.GOOD.MT.K6","","","","","","","","","","","","","","","","","","","","","","","","","","","","","","","","","","","","","","","","","","","","","","","","","","","","","","","","","","","","",
"Pakistan","PAK","Railways, goods transported (million ton-km)","IS.RRS.GOOD.MT.K6","","","","","","","","","","","","","","","","","","","","","","","","","","","","","","","","","","","","","5077","4607","4447","3970","3612","4520","4573","4813","4796","5014","5907","5454","6187","","","1757","","","1090","3301","4774","5031","","",
"Panama","PAN","Railways, goods transported (million ton-km)","IS.RRS.GOOD.MT.K6","","","","","","","","","","","","","","","","","","","","","","","","","","","","","","","","","","","","","","","","","","","","","","","","","","","","","","","","","","","","",
"Peru","PER","Railways, goods transported (million ton-km)","IS.RRS.GOOD.MT.K6","","","","","","","","","","","","","","","","","","","","","","","","","","","","","","","","","","","","","453","528","599","","","","","","","","","","","","","","","","","","","","","",
"Philippines","PHL","Railways, goods transported (million ton-km)","IS.RRS.GOOD.MT.K6","","","","","","","","","","","","","","","","","","","","","","","","","","","","","","","","","","","","","1","1","1","","","","","0.695","0.764","","","","","","","","","","","","","","","",
"Palau","PLW","Railways, goods transported (million ton-km)","IS.RRS.GOOD.MT.K6","","","","","","","","","","","","","","","","","","","","","","","","","","","","","","","","","","","","","","","","","","","","","","","","","","","","","","","","","","","","",
"Papua New Guinea","PNG","Railways, goods transported (million ton-km)","IS.RRS.GOOD.MT.K6","","","","","","","","","","","","","","","","","","","","","","","","","","","","","","","","","","","","","","","","","","","","","","","","","","","","","","","","","","","","",
"Poland","POL","Railways, goods transported (million ton-km)","IS.RRS.GOOD.MT.K6","","","","","","","","","","","","","","","","","","","","","","","","","","","","","","","","","","","","","67394","67660","60923","55065","54008","47651","46560","47394","48511","44413","42651","43548","39200","29941","34327","37189","32904","33256","32017","28720","","","","",
"Pre-demographic dividend","PRE","Railways, goods transported (million ton-km)","IS.RRS.GOOD.MT.K6","","","","","","","","","","","","","","","","","","","","","","","","","","","","","","","","","","","","","","","","","","","","","","","","","","","","","","","","","","","","",
"Puerto Rico","PRI","Railways, goods transported (million ton-km)","IS.RRS.GOOD.MT.K6","","","","","","","","","","","","","","","","","","","","","","","","","","","","","","","","","","","","","","","","","","","","","","","","","","","","","","","","","","","","",
"Korea, Dem. People’s Rep.","PRK","Railways, goods transported (million ton-km)","IS.RRS.GOOD.MT.K6","","","","","","","","","","","","","","","","","","","","","","","","","","","","","","","","","","","","","","","","","","","","","","","","","","","","","","","","","","","","",
"Portugal","PRT","Railways, goods transported (million ton-km)","IS.RRS.GOOD.MT.K6","","","","","","","","","","","","","","","","","","","","","","","","","","","","","","","","","","","","","1857","2247","2048","2179","2183","2138","2197","2072","2281","2422","2430","2586","2549","1928.675516","1932.21569344","2063.7356786","","","","","","","","",
"Paraguay","PRY","Railways, goods transported (million ton-km)","IS.RRS.GOOD.MT.K6","","","","","","","","","","","","","","","","","","","","","","","","","","","","","","","","","","","","","","","","","","","","","","","","","","","","","","","","","","","","",
"West Bank and Gaza","PSE","Railways, goods transported (million ton-km)","IS.RRS.GOOD.MT.K6","","","","","","","","","","","","","","","","","","","","","","","","","","","","","","","","","","","","","","","","","","","","","","","","","","","","","","","","","","","","",
"Pacific island small states","PSS","Railways, goods transported (million ton-km)","IS.RRS.GOOD.MT.K6","","","","","","","","","","","","","","","","","","","","","","","","","","","","","","","","","","","","","","","","","","","","","","","","","","","","","","","","","","","","",
"Post-demographic dividend","PST","Railways, goods transported (million ton-km)","IS.RRS.GOOD.MT.K6","","","","","","","","","","","","","","","","","","","","","","","","","","","","","","","","","","","","","8454.5","9239","9463.5","9789","10364","10802.5","10511","11057","11637","11925.5","11609.5","14830","12511.867","9273","11921","11547","11254","10508.5","9734","10287","","","","",
"French Polynesia","PYF","Railways, goods transported (million ton-km)","IS.RRS.GOOD.MT.K6","","","","","","","","","","","","","","","","","","","","","","","","","","","","","","","","","","","","","","","","","","","","","","","","","","","","","","","","","","","","",
"Qatar","QAT","Railways, goods transported (million ton-km)","IS.RRS.GOOD.MT.K6","","","","","","","","","","","","","","","","","","","","","","","","","","","","","","","","","","","","","","","","","","","","","","","","","","","","","","","","","","","","",
"Romania","ROU","Railways, goods transported (million ton-km)","IS.RRS.GOOD.MT.K6","","","","","","","","","","","","","","","","","","","","","","","","","","","","","","","","","","","","","24146","22024","17582","14659","16401","15899","14867","16592","15767","15499.768","14098.89","13935","12800","9346","10581.097","12606.349155","9905","9092","10265","10598","8587","8563","","",
"Russian Federation","RUS","Railways, goods transported (million ton-km)","IS.RRS.GOOD.MT.K6","","","","","","","","","","","","","","","","","","","","","","","","","","","","","","","","","","","","","1131251","1100289","1019547","1204547","1373178","1433617","1510200","1664300","1797326","1852913","1950830","2090337","2116240","1865305","2011308","2127834.572","2222388.391","2172685","2298564.1","2304758.6","2342589.5","2491875.9","","",
"Rwanda","RWA","Railways, goods transported (million ton-km)","IS.RRS.GOOD.MT.K6","","","","","","","","","","","","","","","","","","","","","","","","","","","","","","","","","","","","","","","","","","","","","","","","","","","","","","","","","","","","",
"South Asia","SAS","Railways, goods transported (million ton-km)","IS.RRS.GOOD.MT.K6","","","","","","","","","","","","","","","","","","","","","","","","","","","","","","","","","","","","","2929.5","2705.5","2671.5","2433","3612","4520","4573","2882.5","2846","2915.5","","3115","6187","","","1757","","","","3301","","","","",
"Saudi Arabia","SAU","Railways, goods transported (million ton-km)","IS.RRS.GOOD.MT.K6","","","","","","","","","","","","","","","","","","","","","","","","","","","","","","","","","","","","","675","813","960","900","822","746","772","880","1173","1192","1272.3","1630","1748","","1852.472","","","","","","","","","",
"Sudan","SDN","Railways, goods transported (million ton-km)","IS.RRS.GOOD.MT.K6","","","","","","","","","","","","","","","","","","","","","","","","","","","","","","","","","","","","","1616","1654","1453","1654","1164","903","993","","889","766","766","","","","925","770","823","33.9","","","","","","",
"Senegal","SEN","Railways, goods transported (million ton-km)","IS.RRS.GOOD.MT.K6","","","","","","","","","","","","","","","","","","","","","","","","","","","","","","","","","","","","","474","446","435","401","371","370","369","369","371","376","384","","","","","","","","","","","","","",
"Singapore","SGP","Railways, goods transported (million ton-km)","IS.RRS.GOOD.MT.K6","","","","","","","","","","","","","","","","","","","","","","","","","","","","","","","","","","","","","","","","","","","","","","","","","","","","","","","","","","","","",
"Solomon Islands","SLB","Railways, goods transported (million ton-km)","IS.RRS.GOOD.MT.K6","","","","","","","","","","","","","","","","","","","","","","","","","","","","","","","","","","","","","","","","","","","","","","","","","","","","","","","","","","","","",
"Sierra Leone","SLE","Railways, goods transported (million ton-km)","IS.RRS.GOOD.MT.K6","","","","","","","","","","","","","","","","","","","","","","","","","","","","","","","","","","","","","","","","","","","","","","","","","","","","","","","","","","","","",
"El Salvador","SLV","Railways, goods transported (million ton-km)","IS.RRS.GOOD.MT.K6","","","","","","","","","","","","","","","","","","","","","","","","","","","","","","","","","","","","","13","","","","","","","","","","","","","","","","","","","","","","","",
"San Marino","SMR","Railways, goods transported (million ton-km)","IS.RRS.GOOD.MT.K6","","","","","","","","","","","","","","","","","","","","","","","","","","","","","","","","","","","","","","","","","","","","","","","","","","","","","","","","","","","","",
"Somalia","SOM","Railways, goods transported (million ton-km)","IS.RRS.GOOD.MT.K6","","","","","","","","","","","","","","","","","","","","","","","","","","","","","","","","","","","","","","","","","","","","","","","","","","","","","","","","","","","","",
"Serbia","SRB","Railways, goods transported (million ton-km)","IS.RRS.GOOD.MT.K6","","","","","","","","","","","","","","","","","","","","","","","","","","","","","","","","","","","","","","","","","","","","2591","3164","3233","3935","4234","4028","2723","3231","3297","2501","2646","2589","2941.9","3086.6","3287.8","","",
"Sub-Saharan Africa (excluding high income)","SSA","Railways, goods transported (million ton-km)","IS.RRS.GOOD.MT.K6","","","","","","","","","","","","","","","","","","","","","","","","","","","","","","","","","","","","","","","","","","","","","","","","","","","","","","","","","","","","",
"South Sudan","SSD","Railways, goods transported (million ton-km)","IS.RRS.GOOD.MT.K6","","","","","","","","","","","","","","","","","","","","","","","","","","","","","","","","","","","","","","","","","","","","","","","","","","","","","","","","","","","","",
"Sub-Saharan Africa","SSF","Railways, goods transported (million ton-km)","IS.RRS.GOOD.MT.K6","","","","","","","","","","","","","","","","","","","","","","","","","","","","","","","","","","","","","","","","","","","","","","","","","","","","","","","","","","","","",
"Small states","SST","Railways, goods transported (million ton-km)","IS.RRS.GOOD.MT.K6","","","","","","","","","","","","","","","","","","","","","","","","","","","","","","","","","","","","","","","","","","","","","","","","","","","","","","","","","","","","",
"Sao Tome and Principe","STP","Railways, goods transported (million ton-km)","IS.RRS.GOOD.MT.K6","","","","","","","","","","","","","","","","","","","","","","","","","","","","","","","","","","","","","","","","","","","","","","","","","","","","","","","","","","","","",
"Suriname","SUR","Railways, goods transported (million ton-km)","IS.RRS.GOOD.MT.K6","","","","","","","","","","","","","","","","","","","","","","","","","","","","","","","","","","","","","","","","","","","","","","","","","","","","","","","","","","","","",
"Slovak Republic","SVK","Railways, goods transported (million ton-km)","IS.RRS.GOOD.MT.K6","","","","","","","","","","","","","","","","","","","","","","","","","","","","","","","","","","","","","11877","12367","11753","9859","11234","10929","10383","10113","9675","9326","9815.222","9423.059","8984.145","6484.885025","7669.131964","7290.321","6854","6810","6888","6839","7072","7008.4","","",
"Slovenia","SVN","Railways, goods transported (million ton-km)","IS.RRS.GOOD.MT.K6","","","","","","","","","","","","","","","","","","","","","","","","","","","","","","","","","","","","","2341","2621","2633","2571","2596","2599","2834","3014","3149","3245","3373","3603","3520","2668","3283","3584.271","3226.705","3533.746","3847.039","3853.884","3962.633","4447.41","","",
"Sweden","SWE","Railways, goods transported (million ton-km)","IS.RRS.GOOD.MT.K6","","","","","","","","","","","","","","","","","","","","","","","","","","","","","","","","","","","","","21951","18127","18162","18056","15422","12056","12829","13300","13120","","11500","","11725","","","","","","","","","","","",
"Eswatini","SWZ","Railways, goods transported (million ton-km)","IS.RRS.GOOD.MT.K6","","","","","","","","","","","","","","","","","","","","","","","","","","","","","","","","","","","","","","","","","","","689.177","698.914","709.866","733.941","680.409","","","","776","862","","","","","","","","",
"Sint Maarten (Dutch part)","SXM","Railways, goods transported (million ton-km)","IS.RRS.GOOD.MT.K6","","","","","","","","","","","","","","","","","","","","","","","","","","","","","","","","","","","","","","","","","","","","","","","","","","","","","","","","","","","","",
"Seychelles","SYC","Railways, goods transported (million ton-km)","IS.RRS.GOOD.MT.K6","","","","","","","","","","","","","","","","","","","","","","","","","","","","","","","","","","","","","","","","","","","","","","","","","","","","","","","","","","","","",
"Syrian Arab Republic","SYR","Railways, goods transported (million ton-km)","IS.RRS.GOOD.MT.K6","","","","","","","","","","","","","","","","","","","","","","","","","","","","","","","","","","","","","1364","1439","1431","1577","1568","1491","1813.889","1884.3","1868.4","2074.37","2458","2551","2370.473","","2206.297","","","","","","","","","",
"Turks and Caicos Islands","TCA","Railways, goods transported (million ton-km)","IS.RRS.GOOD.MT.K6","","","","","","","","","","","","","","","","","","","","","","","","","","","","","","","","","","","","","","","","","","","","","","","","","","","","","","","","","","","","",
"Chad","TCD","Railways, goods transported (million ton-km)","IS.RRS.GOOD.MT.K6","","","","","","","","","","","","","","","","","","","","","","","","","","","","","","","","","","","","","","","","","","","","","","","","","","","","","","","","","","","","",
"East Asia & Pacific (IDA & IBRD countries)","TEA","Railways, goods transported (million ton-km)","IS.RRS.GOOD.MT.K6","","","","","","","","","","","","","","","","","","","","","","","","","","","","","","","","","","","","","1533","1521","1324","2162.5","2084","","2947","1014","2682","","","4157.5","","","5533.5","","","","","","","","","",
"Europe & Central Asia (IDA & IBRD countries)","TEC","Railways, goods transported (million ton-km)","IS.RRS.GOOD.MT.K6","","","","","","","","","","","","","","","","","","","","","","","","","","","","","","","","","","","","","4782","5434","5386","5190.5","5653.5","5523","6437","5274","5212","6127.1","7378.7","8152.5","8275.4","6512.5","7238.7","7845.5","8212.2","7958.3","8817.95","7914.25","3424","3125.4","","",
"Togo","TGO","Railways, goods transported (million ton-km)","IS.RRS.GOOD.MT.K6","","","","","","","","","","","","","","","","","","","","","","","","","","","","","","","","","","","","","","","","","","","","","","","","","","","","","","","","","","","","",
"Thailand","THA","Railways, goods transported (million ton-km)","IS.RRS.GOOD.MT.K6","","","","","","","","","","","","","","","","","","","","","","","","","","","","","","","","","","","","","3286","3482","2874","2927","2247","","3894","4057","4037","4037","","3161","","","2701","2562","","","","","","","","",
"Tajikistan","TJK","Railways, goods transported (million ton-km)","IS.RRS.GOOD.MT.K6","","","","","","","","","","","","","","","","","","","","","","","","","","","","","","","","","","","","","1719","1384","1458","1282","1326","1250","","1087","1117","","1220.1","1274.4","","1282","808.4","702.9","554.9","","391","317","228.3","165","","",
"Turkmenistan","TKM","Railways, goods transported (million ton-km)","IS.RRS.GOOD.MT.K6","","","","","","","","","","","","","","","","","","","","","","","","","","","","","","","","","","","","","6779","7445","7701","7337","7588","6437","6437","","8670","","10441","10973","11547","11765","11765","11992","11992","","11992","13327","13327","13327","","",
"Latin America & the Caribbean (IDA & IBRD countries)","TLA","Railways, goods transported (million ton-km)","IS.RRS.GOOD.MT.K6","","","","","","","","","","","","","","","","","","","","","","","","","","","","","","","","","","","","","","","","","","","","","","","","","","","","","","","","","","","","",
"Timor-Leste","TLS","Railways, goods transported (million ton-km)","IS.RRS.GOOD.MT.K6","","","","","","","","","","","","","","","","","","","","","","","","","","","","","","","","","","","","","","","","","","","","","","","","","","","","","","","","","","","","",
"Middle East & North Africa (IDA & IBRD countries)","TMN","Railways, goods transported (million ton-km)","IS.RRS.GOOD.MT.K6","","","","","","","","","","","","","","","","","","","","","","","","","","","","","","","","","","","","","2224","2175.5","2315","1834","2131","2131.5","2249","2297.75","2013.5","2070.685","2458","2374","2221.7365","","1808.3085","","","","","","","","","",
"Tonga","TON","Railways, goods transported (million ton-km)","IS.RRS.GOOD.MT.K6","","","","","","","","","","","","","","","","","","","","","","","","","","","","","","","","","","","","","","","","","","","","","","","","","","","","","","","","","","","","",
"South Asia (IDA & IBRD)","TSA","Railways, goods transported (million ton-km)","IS.RRS.GOOD.MT.K6","","","","","","","","","","","","","","","","","","","","","","","","","","","","","","","","","","","","","2929.5","2705.5","2671.5","2433","3612","4520","4573","2882.5","2846","2915.5","","3115","6187","","","1757","","","","3301","","","","",
"Sub-Saharan Africa (IDA & IBRD countries)","TSS","Railways, goods transported (million ton-km)","IS.RRS.GOOD.MT.K6","","","","","","","","","","","","","","","","","","","","","","","","","","","","","","","","","","","","","","","","","","","","","","","","","","","","","","","","","","","","",
"Trinidad and Tobago","TTO","Railways, goods transported (million ton-km)","IS.RRS.GOOD.MT.K6","","","","","","","","","","","","","","","","","","","","","","","","","","","","","","","","","","","","","","","","","","","","","","","","","","","","","","","","","","","","",
"Tunisia","TUN","Railways, goods transported (million ton-km)","IS.RRS.GOOD.MT.K6","","","","","","","","","","","","","","","","","","","","","","","","","","","","","","","","","","","","","2309","2328","2315","1635","2282","2273","2251","2173","2082","2067","2174","2197","2073","","2024.481","","","","870","664","","","","",
"Turkey","TUR","Railways, goods transported (million ton-km)","IS.RRS.GOOD.MT.K6","","","","","","","","","","","","","","","","","","","","","","","","","","","","","","","","","","","","","8796","9480","8271","8123","9645","7384","7076","8506","9213","8939","9440","9377","10104","9681","10932","10735","10691","10244","11145","9618","10773","","","",
"Tuvalu","TUV","Railways, goods transported (million ton-km)","IS.RRS.GOOD.MT.K6","","","","","","","","","","","","","","","","","","","","","","","","","","","","","","","","","","","","","","","","","","","","","","","","","","","","","","","","","","","","",
"Tanzania","TZA","Railways, goods transported (million ton-km)","IS.RRS.GOOD.MT.K6","","","","","","","","","","","","","","","","","","","","","","","","","","","","","","","","","","","","","2031","1866","708","1822","1195","2069","1487","1468","1196","","","","","","","","","","","","","","","",
"Uganda","UGA","Railways, goods transported (million ton-km)","IS.RRS.GOOD.MT.K6","","","","","","","","","","","","","","","","","","","","","","","","","","","","","","","","","","","","","236","148","147","200","210","220","218","","","","","","","","","","","","","","","","","",
"Ukraine","UKR","Railways, goods transported (million ton-km)","IS.RRS.GOOD.MT.K6","","","","","","","","","","","","","","","","","","","","","","","","","","","","","","","","","","","","","163384","160433","158693","156336","172840","177465","193141","225287","233961","223980","240810","262505","257006","196188","218083","243866","237722","224434","211233","195054","187557","191914","","",
"Upper middle income","UMC","Railways, goods transported (million ton-km)","IS.RRS.GOOD.MT.K6","","","","","","","","","","","","","","","","","","","","","","","","","","","","","","","","","","","","","1778","2014.5","2694","2480","2247","4337","4260.5","4610.5","3600.5","2219","4665.758985","6084.494241","5597.2","","","","","","","","","","","",
"Uruguay","URY","Railways, goods transported (million ton-km)","IS.RRS.GOOD.MT.K6","","","","","","","","","","","","","","","","","","","","","","","","","","","","","","","","","","","","","326","362","487","272","239","209","178","188","297","331","304","284","","","","","","","","","","","","",
"United States","USA","Railways, goods transported (million ton-km)","IS.RRS.GOOD.MT.K6","","","","","","","","","","","","","","","","","","","","","","","","","","","","","","","","","","","","","1979622","1969331","2010027","2092745","2140191","2183277","2200123","2264983","2427268","2476653","2586836","2584940","2594631","2236917","2468738","2524585","2500300","2541354","2702736","2547253","2314693","2445132","","",
"Uzbekistan","UZB","Railways, goods transported (million ton-km)","IS.RRS.GOOD.MT.K6","","","","","","","","","","","","","","","","","","","","","","","","","","","","","","","","","","","","","19653","16498","15672","13883","15441","15732","18428","","18007","18007","19281.4","21594","23432.4","22227","22281.8","22482","22686.4","","22932","22935","22937","22940","","",
"St. Vincent and the Grenadines","VCT","Railways, goods transported (million ton-km)","IS.RRS.GOOD.MT.K6","","","","","","","","","","","","","","","","","","","","","","","","","","","","","","","","","","","","","","","","","","","","","","","","","","","","","","","","","","","","",
"Venezuela, RB","VEN","Railways, goods transported (million ton-km)","IS.RRS.GOOD.MT.K6","","","","","","","","","","","","","","","","","","","","","","","","","","","","","","","","","","","","","45","54","79","54","59","81","32","","","","81.07","","","","","","","","","","","","","",
"British Virgin Islands","VGB","Railways, goods transported (million ton-km)","IS.RRS.GOOD.MT.K6","","","","","","","","","","","","","","","","","","","","","","","","","","","","","","","","","","","","","","","","","","","","","","","","","","","","","","","","","","","","",
"Virgin Islands (U.S.)","VIR","Railways, goods transported (million ton-km)","IS.RRS.GOOD.MT.K6","","","","","","","","","","","","","","","","","","","","","","","","","","","","","","","","","","","","","","","","","","","","","","","","","","","","","","","","","","","","",
"Vietnam","VNM","Railways, goods transported (million ton-km)","IS.RRS.GOOD.MT.K6","","","","","","","","","","","","","","","","","","","","","","","","","","","","","","","","","","","","","1533","1521","1324","1398","1921","2338","2000","2674","2682","2928","3447","3910","4106","4139","3901","4101","3959","3733","4251.9","4125.4","3190","3574","","",
"Vanuatu","VUT","Railways, goods transported (million ton-km)","IS.RRS.GOOD.MT.K6","","","","","","","","","","","","","","","","","","","","","","","","","","","","","","","","","","","","","","","","","","","","","","","","","","","","","","","","","","","","",
"World","WLD","Railways, goods transported (million ton-km)","IS.RRS.GOOD.MT.K6","","","","","","","","","","","","","","","","","","","","","","","","","","","","","","","","","","","","","2139","2247","2633","2106","2282","2929","2916","2837","3502","","","5837","","","","","","","","","","","","",
"Samoa","WSM","Railways, goods transported (million ton-km)","IS.RRS.GOOD.MT.K6","","","","","","","","","","","","","","","","","","","","","","","","","","","","","","","","","","","","","","","","","","","","","","","","","","","","","","","","","","","","",
"Kosovo","XKX","Railways, goods transported (million ton-km)","IS.RRS.GOOD.MT.K6","","","","","","","","","","","","","","","","","","","","","","","","","","","","","","","","","","","","","","","","","","","","","","","","","","","","","","","","","","","","",
"Yemen, Rep.","YEM","Railways, goods transported (million ton-km)","IS.RRS.GOOD.MT.K6","","","","","","","","","","","","","","","","","","","","","","","","","","","","","","","","","","","","","","","","","","","","","","","","","","","","","","","","","","","","",
"South Africa","ZAF","Railways, goods transported (million ton-km)","IS.RRS.GOOD.MT.K6","","","","","","","","","","","","","","","","","","","","","","","","","","","","","","","","","","","","","99773","103866","102777","","100434","106654","105719","105724","106549","108513","","106014","113342","","","","","","","","","","","",
"Zambia","ZMB","Railways, goods transported (million ton-km)","IS.RRS.GOOD.MT.K6","","","","","","","","","","","","","","","","","","","","","","","","","","","","","","","","","","","","","536","473","555","554","","","","","","","","","","","","","","","","","","","","",
"Zimbabwe","ZWE","Railways, goods transported (million ton-km)","IS.RRS.GOOD.MT.K6","","","","","","","","","","","","","","","","","","","","","","","","","","","","","","","","","","","","","","","","","","","","","","","","1580","","","","","","","","","","","","",
